ReviewId,Age,Attrition,BusinessTravel,DailyRate,Department,DistanceFromHome,Education,EducationField,EmployeeCount,EnvironmentSatisfaction,Gender,HourlyRate,JobInvolvement,JobLevel,JobRole,JobSatisfaction,MaritalStatus,MonthlyIncome,MonthlyRate,NumCompaniesWorked,OverTime,PercentSalaryHike,PerformanceRating,RelationshipSatisfaction,StandardHours,StockOptionLevel,TotalWorkingYears,TrainingTimesLastYear,WorkLifeBalance,YearsAtCompany,YearsInCurrentRole,YearsSinceLastPromotion,YearsWithCurrManager,Feedback,ReviewDateKey
100,49,No,Travel_Frequently,279,Research & Development,8,Others,Life Sciences,1,3,Male,61,2,2,Research Scientist,2,Married,5130,24907,1,No,23,4,4,80,1,10,3,3,10,7,1,7,People are willing to share knowledge which is not the norm in this industry This is the first place I have worked where the people are great about that Also I get to work on cool projects that no one else in the world works on,20210412
101,33,No,Travel_Frequently,1392,Research & Development,3,Master,Life Sciences,1,4,Female,56,3,1,Research Scientist,3,Married,2.909,23159,1,Yes,11,3,3,80,0,8,3,3,8,7,3,0,To repeat what I wrote before the people I work for and work with here are very smart and confident people,20210415
102,27,No,Travel_Rarely,591,Research & Development,2,Others,Medical,1,1,Male,40,3,1,Laboratory Technician,2,Married,3468,16632,9,No,12,3,4,80,1,6,3,3,2,2,2,2,The variety of different projects and the speed of completion I am truly very satisfied  pleased there is an endless list of pros,20210524
103,32,No,Travel_Frequently,1005,Research & Development,2,College,Life Sciences,1,4,Male,79,3,1,Laboratory Technician,4,Single,3068,11864,0,No,13,3,3,80,0,8,2,2,7,7,3,6,As youve probably heard Google has great benefits insurance and flexible hours If you want to you can work from home,20210514
104,59,No,Travel_Rarely,1324,Research & Development,3,Bachelor,Medical,1,3,Female,81,4,1,Laboratory Technician,1,Married,2670,9964,4,Yes,20,4,1,80,3,12,3,2,1,0,0,0,Great insurance benefits free food equipment is available whenever you want it to be and there is always whatever you need monitor etc,20210313
105,30,No,Travel_Rarely,1358,Research & Development,24,,Life Sciences,1,4,Male,67,3,1,Laboratory Technician,3,Divorced,2693,13335,1,No,22,4,2,80,1,1,2,3,1,0,0,0,Perks and incentives are a major plus I work with a lot of smart people and the people are the best part,20210325
106,38,No,Travel_Frequently,216,Research & Development,23,Bachelor,Life Sciences,1,4,Male,44,2,3,Manufacturing Director,3,Single,9526,8787,0,No,21,4,2,80,0,10,2,3,9,7,1,8,We are at the forefront of new technology and so we are working with very high tech professionals every day,20210524
107,36,No,Travel_Rarely,1299,Research & Development,27,Bachelor,Medical,1,3,Male,94,3,2,Healthcare Representative,3,Married,5237,16577,6,No,13,3,2,80,2,17,3,2,7,7,7,7,Great people to work with here as well as an enjoyable work environment I love to come to work every day,20210319
108,35,No,Travel_Rarely,809,Research & Development,16,Bachelor,Medical,1,1,Male,84,4,1,Laboratory Technician,2,Married,2426,16479,0,No,13,3,3,80,1,6,5,3,5,4,0,3,An amazing spirit of innovation open collaborative atmosphere great employee development and career advancement and exceptional senior management,20210314
109,29,No,Travel_Rarely,153,Research & Development,15,College,Life Sciences,1,4,Female,49,2,2,Laboratory Technician,3,Single,4193,12682,0,Yes,12,3,4,80,0,10,3,3,9,5,0,8,You work with the brightest people in the world who are also very modest and kind Very fun enjoyable flexible atmosphere where you can be yourself Every day I was there I found another reason to love it The campus is very well connected and collegial The food is obviously amazing They are also always inviting speakers and musicians and finding ways to keep you entertained and learning ,20210406
110,31,No,Travel_Rarely,670,Research & Development,26,Others,Life Sciences,1,1,Male,31,3,1,Research Scientist,3,Divorced,2911,15170,1,No,17,3,4,80,1,5,1,2,5,2,4,3,Pros The opportunity to change the world Every job position has a very strong impact especially in the emerging Google divisions For example Google Enterprise and Google Earth sales groups Free food Very open minded and diverse group of people No one I met at Google is intellectually incompetent You can bring dogs to work ,20210501
111,34,No,Travel_Rarely,1346,Research & Development,19,College,Medical,1,2,Male,93,3,1,Laboratory Technician,4,Divorced,2661,8758,,No,11,3,3,80,1,3,2,3,2,2,1,2,The best part about working at Google is the number of very smart people constantly around you Great team settings where you can learn and be around the best There are tons of other employee benefits as well such as the free food 3 meals a day cooked by excellent chefs and snacks game areas fooseball volleyball bicycles workout center laundry machines etc,20210516
112,29,No,Travel_Rarely,1389,Research & Development,21,Master,Life Sciences,1,2,Female,51,4,3,Manufacturing Director,1,Divorced,9980,10195,1,No,11,3,3,80,1,10,1,3,10,9,8,8,Google is one of the first places Ive worked where I feel like Im surrounded by people that are way smarter than I am This makes for a really creative environment where everyone is pushing you to go beyond your limits and make something even better It also means that you can just trust that everyone around you is really good at what they do,20210506
113,32,No,Travel_Rarely,334,Research & Development,5,College,Life Sciences,1,1,Male,80,4,1,Research Scientist,2,Divorced,3298,15053,0,Yes,12,3,4,80,2,7,5,2,6,2,0,5,Great people Impact Great Benefts,20210412
114,22,No,Non-Travel,1123,Research & Development,16,College,Medical,1,4,Male,96,4,1,Laboratory Technician,4,Divorced,2935,7324,1,Yes,13,3,2,80,2,1,2,2,1,0,0,0,People think better of you if you work at Google The people you work with are really really smart because Google sets the bar for hiring so high Theres free breakfast lunch and dinner  and its good The yearly bonus tends to be even more than the percentage in the offer letter,20210426
115,53,No,Travel_Rarely,1219,Sales,2,Master,Life Sciences,1,1,Female,78,2,4,Manager,4,Married,15.427,22021,2,No,16,3,3,80,0,31,3,3,25,8,3,7,Google is an extraordinary place to work the perks are second to none the quality of employees is exceptionally high and the products are mostly cutting edge and interesting Google treats its employees very well and believes in leadership from the bottom up which provides a sense of ownership and personal investment that is unequaled in my experience ,20210327
116,38,No,Travel_Rarely,371,Research & Development,2,Bachelor,Life Sciences,1,4,Male,45,3,1,Research Scientist,4,Single,3944,4306,5,Yes,11,3,3,80,0,6,3,3,3,2,1,2,Smart People Chance to make a big difference to the lives of millions of people Managements desire to be seen as a force for good Fellow Googlers concern for the environment and heightened awareness of world issues,20210311
117,24,No,Non-Travel,673,Research & Development,11,College,Other,1,1,Female,96,4,2,Manufacturing Director,3,Divorced,4011,8232,0,No,18,3,4,80,1,5,5,2,4,2,1,3,No company has ever done more to ensure the happiness and comfort of their employees It has of course grown more compartmentalized and beaurocratic as it has grown but it remains a rather open playing field Google also fosters a fertile and receptive breeding ground for homegrown ideas and suggestions some of which has grown into successful consumer products,20210510
118,34,No,Travel_Rarely,419,Research & Development,7,Master,Life Sciences,1,1,Female,53,3,3,Research Director,2,Single,11994,21293,0,No,11,3,3,80,0,13,4,3,12,6,2,11,They are very concerned with the happiness of their employees We are treated well and the perks are phenomenal This is one of the pinnacles for where geeks want to work The work environment is condusive to working and staying engaged in the projects you are working on They make sure you have the tools that you need to get your work done They move VERY fast to get things done ,20210316
119,21,No,Travel_Rarely,391,Research & Development,15,College,Life Sciences,1,3,Male,96,3,1,Research Scientist,4,Single,1232,19281,1,No,14,3,4,80,0,0,6,3,0,0,0,0,I like working at Google as an SRE Site Reliability Engineer because it is a job that combines my skills as a professional software engineer and selftaught system administrator The work I do is quite varied so I dont get bored doing the same thing over and over like I have done at other companies,20210519
120,53,No,Travel_Rarely,1282,Research & Development,5,Bachelor,Other,1,3,Female,58,3,5,Manager,3,Divorced,19094,10735,4,No,11,3,4,80,1,26,3,2,14,13,4,8,Google is a very nice company to work for The company is very transparent about its policies and directions and keeps every one uptodate of latest development  People have strong ownership of things they do And I feel that compensation is really good The bonus is really generous about 30 of your salary and the benefits are excellent,20210401
121,42,No,Travel_Rarely,691,Sales,8,Master,Marketing,1,3,Male,48,3,2,Sales Executive,2,Married,6825,21173,0,No,11,3,4,80,1,10,2,3,9,7,4,2,great place to work great perks great collegues,20210503
122,44,No,Travel_Rarely,477,Research & Development,7,Master,Medical,1,1,Female,42,2,3,Healthcare Representative,4,Married,10248,2094,3,No,14,3,4,80,1,24,4,3,22,6,5,17,great pay great flexibility Nobody pampers engineers like Google Focus is on small teams selfstarting and selfmotivating engineers Much less power politics than Ive found elsewhere,20210325
123,46,No,Travel_Rarely,705,Sales,2,Master,Marketing,1,2,Female,83,3,5,Manager,1,Single,18947,22822,3,No,12,3,4,80,0,22,2,2,2,2,2,1,Huge variety of projects wonderful people brilliant minds awesome perks fairly easy to move from project to project real room for independent initiative management rarely blocks new ideas and rarely interferes with decision making stock options and shares very valuable,20210305
124,33,No,Travel_Rarely,924,Research & Development,2,Bachelor,Medical,1,3,Male,78,3,1,Laboratory Technician,4,Single,2496,6670,4,No,11,3,4,80,0,7,3,3,1,1,0,0,The opportunity to work on projects that are interesting and cuttingedge,20210524
125,44,No,Travel_Rarely,1459,Research & Development,10,Master,Other,1,4,Male,41,3,2,Healthcare Representative,4,Married,6465,19121,2,Yes,13,3,4,80,0,9,5,4,4,2,1,3,A common strain of intellectual curiosity among Googlers makes for one of the most stimulating learning environments No judgment for anything other than ethical errors  of course it pays to be smart and make good decisions,20210415
126,30,No,Travel_Rarely,125,Research & Development,9,College,Medical,1,4,Male,83,2,1,Laboratory Technician,3,Single,2206,16117,1,No,13,3,1,80,0,10,5,3,10,0,1,8,Interacting all the time with brilliant colleagues of high integrity and drive strong push to innovate and change the world excellent compensation and benefits high openness and plenty of communication from senior management about all kind of companystrategy related issues with lots of trust towards each and every employee,20210314
127,43,No,Travel_Rarely,1273,Research & Development,2,College,Medical,1,4,Female,72,4,1,Research Scientist,3,Divorced,2645,21923,1,No,12,3,4,80,2,6,3,2,5,3,1,4,Getting a chance to work on the worlds largest distributed system Obviously the company is very focused on employee satisfaction Its a total geek paradise with everyone trying to out geek each other,20210303
128,35,No,Travel_Rarely,890,Sales,2,Bachelor,Marketing,1,4,Female,97,3,1,Sales Representative,4,Married,2014,9687,1,No,13,3,1,80,0,2,3,3,2,2,2,2,Work with many of the brightest people on some of the most challenging problems See your efforts noticed in the media and in the lives of your friends and family every day Engineering at Google is more than ever a dream job for the right people Think really really big There are terrifyingly few limits to what you can do here,20210301
129,36,No,Travel_Rarely,852,Research & Development,5,Master,Life Sciences,1,2,Female,82,2,1,Research Scientist,1,Married,3419,13072,9,Yes,14,3,4,80,1,6,3,4,1,1,0,0,The best reason to work at Google are the benefits First of all we receive three delicious meals a day Secondly Google goes out of their way to make it a fun place to work From the beach volleyball court to the swimming pool there is always something fun going on I also enjoy the autonomy that engineers receive,20210402
130,33,No,Travel_Frequently,1141,Sales,1,Bachelor,Life Sciences,1,3,Female,42,4,2,Sales Executive,1,Married,5376,3193,2,No,19,3,1,80,2,10,3,3,5,3,1,3,Great people Great food Total innovation I love working at a company that has so many cool projects A true technology company that is building new technologies to give everyone in the world internet access  Most impressive management team Ive ever worked with The management team including founders and CEO are aware and care about everything that is going on within the company ,20210525
131,35,No,Travel_Rarely,464,Research & Development,4,College,Other,1,3,Male,75,3,1,Laboratory Technician,4,Divorced,1951,10910,1,No,12,3,3,80,1,1,3,3,1,0,0,0,Working at Google you have really smart coworkers In the beginning it struck me that people quickly understood my ideas something I wasnt used to from college  Another great advantage at Google is that it is very engineering driven Generally engineers are given enough of freedom to work on what they consider to be most important ,20210404
132,27,No,Travel_Rarely,1240,Research & Development,2,Master,Life Sciences,1,4,Female,33,3,1,Laboratory Technician,1,Divorced,2341,19715,1,No,13,3,4,80,1,1,6,3,1,0,0,0,The best reasons to work at Google are 1 You want to make a difference in the world 2 You love a fast paced environment 3 You love technology and would kill to be one of the first to see and play with it  Yes the perks are great but at the end of the day if your work impacts billions of people in a positive way it all pays for any of the free gourmet lunches,20210503
133,27,No,Travel_Frequently,994,Sales,8,Bachelor,Life Sciences,1,4,Male,37,3,3,Sales Executive,3,Single,8726,2975,1,No,15,3,4,80,0,9,0,3,9,8,1,7,You are surrounded by by brilliant people The executive team truly believes in making the world a better place  and they truly do care about their employees  Depending on your actual department  I am pretty sure most people would agree that they learn more here in 1 week  then you would in 1 year elsewhere Its a very forward thinking organization ,20210313
134,30,No,Travel_Frequently,721,Research & Development,1,College,Medical,1,3,Female,58,3,2,Laboratory Technician,4,Single,4011,10781,1,No,23,4,4,80,0,12,2,3,12,8,3,7,You get to work on some of the biggest clusters in the world on some very hard and interesting problems The people are generally above average and you always have to work to make sure youre doing better For the most part its a very strong meritocracy,20210309
135,34,No,Non-Travel,1065,Sales,23,Master,Marketing,1,2,Male,72,3,2,Sales Executive,3,Single,4568,10034,0,No,20,4,3,80,0,10,2,3,9,5,8,7,Higher total compensation than competitors  competitive salaries are augmented by large cash bonuses equity awards 401k matching commuter benefits and incredible oncampus perks such as free meals and massages but also including so much more  Incredibly bright coworkers ,20210414
136,37,No,Travel_Rarely,408,Research & Development,19,College,Life Sciences,1,2,Male,73,3,1,Research Scientist,2,Married,3022,10227,4,No,21,4,1,80,0,8,1,3,1,0,0,0,Free food and a good variety perks fun and competent teammates The bonus plan is pretty good  They have a lot of social events but unlike some other reviewers I never felt like I was forced to go to them and I dont think I get labeled as ungoogley because of it  I feel pretty free to work on what I want to work on and I dont feel overmanaged,20210302
137,46,No,Travel_Frequently,1211,Sales,5,Master,Marketing,1,1,Male,98,3,2,Sales Executive,4,Single,5772,20445,4,Yes,21,4,3,80,0,14,4,3,9,6,0,8,Challenging rewarding work found nowhere else Without going into detail Google offers problems found nowhere else in the computer industry in many different areas Its also pretty easy to move from one job to another if you find youre not satisfied with what youre doing,20210513
138,35,No,Travel_Rarely,1229,Research & Development,8,Others,Life Sciences,1,4,Male,36,4,1,Laboratory Technician,4,Married,2269,4892,1,No,19,3,4,80,0,1,2,3,1,0,0,1,Working with talented driven people who I can learn from every day Working in a place where I feel Im making a difference Working in a place where I feel I can express myself Great for the resume I feel the experience Ive had here will be valuable in the future I have had a string of excellent managers I get to say that I work for one of the most influential companies of our time,20210323
139,44,No,Travel_Rarely,1488,Sales,1,Doctor,Marketing,1,2,Female,75,3,2,Sales Executive,1,Divorced,5454,4009,5,Yes,21,4,3,80,1,9,2,2,4,3,1,3, Working on cool technology  Pushing the envelope  Good work life balance as long as you keep your head on your shoulders  Freedom to do amazing things,20210526
140,35,No,Non-Travel,1097,Research & Development,11,College,Medical,1,3,Male,79,2,3,Healthcare Representative,1,Married,9884,8302,2,Yes,13,3,3,80,1,10,3,3,4,0,2,3,great company that treats people incredibly well by and large The quality of people you work with day to day is just incredible  everyone you deal with is smart competent has some unique skill and brings a lot of energy to the place I believe in what the company is doing  yes we want to be a successful business but we really do try to make a better consumer experience in everything we do too,20210313
141,26,No,Travel_Rarely,1443,Sales,23,Bachelor,Marketing,1,3,Female,47,2,2,Sales Executive,4,Married,4157,21436,7,Yes,19,3,3,80,1,5,2,2,2,2,0,0,The people and the problems Saying that the people is the best reason to work for a company is cliche but at Google it really is We have some of the worlds foremost experts working at Google across a broad range of disciplines And you get to work with these people and interact with them Now thats fun ,20210509
142,33,No,Travel_Frequently,515,Research & Development,1,College,Life Sciences,1,1,Female,98,3,3,Research Director,4,Single,13458,15146,1,Yes,12,3,3,80,0,15,1,3,15,14,8,12,Almost all engineers at Google are extremely talented and a pleasure to work work There are plenty of opportunities to work on challenging problems The hardware and resources you can apply to those problems are unmatched anywhere else in the industry Senior Google engineers get a lot of freedom in choosing what to work on and how to work on it,20210428
143,35,No,Travel_Frequently,853,Sales,18,Doctor,Life Sciences,1,2,Male,71,3,3,Sales Executive,1,Married,9069,11031,1,No,22,4,4,80,1,9,3,2,9,8,1,8,Smart people great benefits company has a can do attitude The company truly tries to do no evil seen it from the inside Absolutely the best perks one can imagine In house doctors free food really gourmet food great technology and truly encourages innovation People are in general respectful and work well together,20210529
144,35,No,Travel_Rarely,1142,Research & Development,23,Master,Medical,1,3,Female,30,3,1,Laboratory Technician,1,Married,4014,16002,3,Yes,15,3,3,80,1,4,3,3,2,2,2,2,The developers I work with at Google are the smartest Ive ever been around and as a result Ive improved my own skills more in my 9 months at Google than in both of my previous jobs The development process runs extremely smoothly and management doesnt get in the engineers way of creating great software We get the best hardware to do our work on and the nonworkrelated perks are wonderful free food,20210304
145,31,No,Travel_Rarely,655,Research & Development,7,Master,Life Sciences,1,4,Male,48,3,2,Laboratory Technician,4,Divorced,5915,9528,3,No,22,4,4,80,1,10,3,2,7,7,1,7,Great pay work whenever convenient for you The free food is simply amazing Lots of perks like massages micro kitchens tech talks The tech stops and hardware depots are great assets you can go pick up headphones or a new keyboard and mouse for office use The work place is very open interaction with other employees is very easy It is filled with very intelligent and fun people The company is very open,20210506
146,37,No,Travel_Rarely,1115,Research & Development,1,Master,Life Sciences,1,1,Male,51,2,2,Manufacturing Director,3,Divorced,5993,2689,1,No,18,3,3,80,1,7,2,4,7,5,0,7,1 The people  some of the best and brightest people Ive ever met Young energetic and creative people make work enjoyable and interesting Weve got our share of former Olympic athletes mad scientist engineers etc  2 The work  Were the market leaders in so many different spaces and its exciting to be on the cutting edge You get to work on things that might just change the game,20210404
147,32,No,Travel_Rarely,427,Research & Development,1,Bachelor,Medical,1,1,Male,33,3,2,Manufacturing Director,4,Married,6162,10877,1,Yes,22,4,2,80,1,9,3,3,9,8,7,8,the benefits especially the food and fluid hours are great so is the fact that everyone around you is incredibly smart,20210531
148,38,No,Travel_Frequently,653,Research & Development,29,Doctor,Life Sciences,1,4,Female,50,3,2,Laboratory Technician,4,Single,2406,5456,1,No,11,3,4,80,0,10,2,3,10,3,9,9,Thanks for setting up this site Glassdoor  Google is an industry leader in many endeavors and often finds itself listened to by competitors and partners alike I hope that does not come off as overly confident its a wonderful place to work Our management and product teams are thoughtful about all of our projects,20210516
149,50,No,Travel_Rarely,989,Research & Development,7,College,Medical,1,2,Female,43,2,5,Research Director,3,Divorced,18740,16701,5,Yes,12,3,4,80,1,29,2,2,27,3,13,8,Its a great place to work as a programmer The tasks we work on are mostly interesting and challenging and the breadth at which your work will be applied is nearly unparalleled certainly in the online business The people are fun and smart,20210410
150,59,No,Travel_Rarely,1435,Sales,25,Bachelor,Life Sciences,1,1,Female,99,3,3,Sales Executive,1,Single,7637,2354,7,No,11,3,4,80,0,28,3,2,21,16,7,9,Perks are phenomenal Projects are extremely high impact The company trusts engineers to do the right thing and prefers to give engineers information so they can make decisions instead of hording information to make the decisions themselves Engineers get all the best tools Big monitors lots of computing resources and dont have much redtape getting normal stuff done,20210408
151,36,No,Travel_Rarely,1223,Research & Development,8,Bachelor,Technical Degree,1,3,Female,59,3,3,Healthcare Representative,3,Divorced,10096,8202,1,No,13,3,2,80,3,17,2,3,17,14,12,8,Youll work with some of the smartest and most accomplished people in the industry People truly believe they can change the way things are done The ability to have your products make a huge impact on the industry Constant innovation and change is part of the culture,20210507
152,55,No,Travel_Rarely,836,Research & Development,8,Bachelor,Medical,1,4,Female,33,3,4,Manager,3,Divorced,14756,19730,2,Yes,14,3,3,80,3,21,2,3,5,0,0,2,Amazing resources available onsite All the perks really are amazing as they say not only is the food amazing but they also have haircuts car washes massages social events and more all available without leaving the campus The people also are really smart and amazing My group would go to snack a free warm snack at 3 PM and do brain teasersphilosophy puzzles,20210312
153,36,No,Travel_Frequently,1195,Research & Development,11,Bachelor,Life Sciences,1,2,Male,95,2,2,Manufacturing Director,2,Single,6499,22656,1,No,13,3,3,80,0,6,3,3,6,5,0,3,Theres a ton of engineering resources and everything is pretty open and transparent within the company Lots of on the job perks and there are really cool projects all over the company to spend time on,20210325
154,45,No,Travel_Rarely,1339,Research & Development,7,Bachelor,Life Sciences,1,2,Male,59,3,3,Research Scientist,1,Divorced,9724,18787,2,No,17,3,3,80,1,25,2,3,1,0,0,0,Google has plenty of talented engineers impressive computational infrastructure and resources and the culture to build products that make big impacts Working for Google is an ideal start point of young engineers or new graduates There are plenty of challenging problems to solve and you have the flexibility to choose the projects that interest you most,20210414
155,35,No,Travel_Frequently,664,Research & Development,1,Bachelor,Medical,1,2,Male,79,3,1,Research Scientist,1,Married,2194,5868,4,No,13,3,4,80,1,5,2,2,3,2,1,2,reedom to do things you really interested in addition to 20 time it is also easy to change projects and there is no manager manage you all the time you are on your own most of the time good salary bonus and benefits  great coworkers very smart and nice people and you can learn a lot from them,20210529
156,59,No,Travel_Frequently,1225,Sales,1,,Life Sciences,1,1,Female,57,2,2,Sales Executive,3,Single,5473,24668,7,No,11,3,4,80,0,20,2,2,4,3,1,3,The people the atmosphere and the food All 3 of these are unlikely to be duplicated anywhere else It is an extremely jovial and cooperative atmosphere where there are bound to be experts in any topic you may want to know about The food is awesome as well but this is well known,20210524
157,29,No,Travel_Rarely,1328,Research & Development,2,Bachelor,Life Sciences,1,3,Male,76,3,1,Research Scientist,2,Married,2703,4956,0,No,23,4,4,80,1,6,3,3,5,4,0,4,Google has great respect for its employees and users while the company makes a great deal of money most of the people who build the products that people use on a daily basis concentrate much more much more on how to do something great and how to provide a service to the world Google is internally transparent a responsible citizen and full of wonderfully talented people and great potential,20210502
158,31,No,Travel_Rarely,1082,Research & Development,1,Master,Medical,1,3,Male,87,3,1,Research Scientist,2,Single,2501,18775,1,No,17,3,2,80,0,1,4,3,1,1,1,0,Simple a great place to work There are plenty of videos and articles about how Google is the best place to work and its all true,20210522
159,32,No,Travel_Rarely,548,Research & Development,1,Bachelor,Life Sciences,1,2,Male,66,3,2,Research Scientist,2,Married,6220,7346,1,No,17,3,2,80,2,10,3,3,10,4,0,9,Food message offsites endless perks Great coworkers interesting products and technologies,20210324
160,36,No,Travel_Rarely,132,Research & Development,6,Bachelor,Life Sciences,1,2,Female,55,4,1,Laboratory Technician,4,Married,3038,22002,3,No,12,3,2,80,0,5,3,3,1,0,0,0,1 Very smart and rational coworkersmanagers most of them even the superstars downtoearth and approachable 2 Good salary and some benefits eg fooddrinksoutingsevents even for interns 3 The general atmosphere is very vibrant morale is very upbeat and both of these contribute to productivity for sure 4 The ability to make an impact is incredible,20210424
161,31,No,Travel_Rarely,746,Research & Development,8,Master,Life Sciences,1,3,Female,61,3,2,Manufacturing Director,4,Single,4424,20682,1,No,23,4,4,80,0,11,2,3,11,7,1,8,Great technical talent Great software engineering practices Outstanding benefits Lot of visibility into the inner workings of the company,20210527
162,35,No,Travel_Rarely,776,Sales,1,Master,Marketing,1,3,Male,32,2,2,Sales Executive,1,Single,4312,23016,0,No,14,3,2,80,0,16,2,3,15,13,2,8,Google was founded based on the ideals of having a comfortable work environment and it shows Free food and tons and tons of benefits are available Other examples include free bikes onsite gyms and massages free shuttle busses around the bay area and even free coop cars for employees who bike to work  Aside from the benefits the people at Google are also what makes it stand out,20210413
163,45,No,Travel_Rarely,193,Research & Development,6,Master,Other,1,4,Male,52,3,3,Research Director,1,Married,13245,15067,4,Yes,14,3,2,80,0,17,3,4,0,0,0,0,By far the top reason is working with smart competent people and the opportunity to have a big positive impact on the world The resources and infrastructure are very nice as well  In general Google is an engineeringcentric company and it is a great place to be a software engineer,20210514
164,37,No,Travel_Rarely,397,Research & Development,7,Master,Medical,1,1,Male,30,3,3,Research Director,3,Single,13664,25258,4,No,13,3,1,80,0,16,3,4,5,2,0,2,Google employees are very bright all have Ivy Educations and enjoy coming to work everyday The general sense that I get from talking to other employees is that we all feel that we are making the world a better place,20210503
165,46,No,Travel_Rarely,945,Human Resources,5,College,Medical,1,2,Male,80,3,2,Human Resources,2,Divorced,5021,10425,8,Yes,22,4,4,80,1,16,2,3,4,2,0,2,The very best reason to work at Google can be summed up in one word culture Since that is a rather vague term let me elaborate Google has established and continues to nurture a culture that fosters high levels of both work satisfaction and contribution from its employees It does this by recognizing the potential in all employees via established work policies rather than just through lip service,20210316
166,30,No,Travel_Rarely,852,Research & Development,1,Others,Life Sciences,1,4,Male,55,2,2,Laboratory Technician,4,Married,5126,15998,1,Yes,12,3,3,80,2,10,1,2,10,8,3,0,The hours are extremely flexible and work is completely online This job was great because I did not have to spend any money on clothing food or transportation The pay is much higher than other online jobs and the work is comparable Google is a great company and is a company that you can be proud to work for,20210515
167,35,No,Travel_Rarely,1214,Research & Development,1,Bachelor,Medical,1,2,male,30,2,1,Research Scientist,3,Single,2859,26278,1,No,18,3,1,80,0,6,3,3,6,4,0,4,Amazing people and technical challenges are two of the best reasons to work at Google I am always astounded at the people that I work with and the technology that I play with,20210324
168,55,No,Travel_Rarely,111,Sales,1,College,Life Sciences,1,1,Male,70,3,3,Sales Executive,4,Married,10239,18092,3,No,14,3,4,80,1,24,4,3,1,0,1,0,Awesome environment with smart people Love the campus the free food the gym the bikes the perks the massage the 401k match the shuttle service etc Love the tech talks author series childrens center Openness and transparency with the management team is very useful to understand whats going on with the company Lots of exciting products are being developed and Google is leading the way,20210404
169,38,No,Non-Travel,573,Research & Development,6,Bachelor,Medical,1,2,Female,79,1,2,Research Scientist,4,Divorced,5329,15717,7,Yes,12,3,4,80,3,17,3,3,13,11,1,9,My time at Google was one of the most positive experiences Ive had in my career I was with the company at a time of rapid growth and the skills I developed in that fastpaced environment are skills that Ill carry with me for the rest of my life The people that I worked with at Google are some of the brightest and talented individuals I have had the pleasure to meet,20210515
170,34,No,Travel_Rarely,1153,Research & Development,1,College,Medical,1,1,Male,94,3,2,Manufacturing Director,2,Married,4325,17736,1,No,15,3,3,80,0,5,2,3,5,2,1,3,Super smart people Awesome benefits Great culture Massive resources and infrastructure Having worked at Microsoft and other tech companies I can say this is the best place Ive worked at ever The relative lack of red tape and ability for small groups of people to make things happen without dealing with too many execs,20210306
171,56,No,Travel_Rarely,1400,Research & Development,7,Bachelor,Life Sciences,1,4,Male,49,1,3,Manufacturing Director,4,Single,7260,21698,4,No,11,3,1,80,0,37,3,2,6,4,0,2,Google is where you can put your academic toy grad school projects behind you and build real systems with serious resources behind them You work with really sharp coworkers on projects that can impact millions of people all over the world If youre selfdirected and curious youll find no end of interesting problems to work on Compensation seems reasonably aggressive in rewarding high performers,20210403
172,23,No,Travel_Rarely,541,Sales,2,Others,Technical Degree,1,3,Male,62,3,1,Sales Representative,1,Divorced,2322,9518,3,No,13,3,3,80,1,3,3,3,0,0,0,0,Working on worldclass problems can be incredibly rewarding The staff is incredibly intelligent and youll find yourself learning a lot Even though perks are being cut back they are still much better than others Middle managers dont micromanage so you get to work mostly on your own This may be a negative or positive depending on your attitude to work,20210525
173,51,No,Travel_Rarely,432,Research & Development,9,Master,Life Sciences,1,4,Male,96,3,1,Laboratory Technician,4,Married,2075,18725,3,No,23,4,2,80,2,10,4,3,4,2,0,3,Low risk work place and leader in the space CEO is one of the best and well respected Great place to start right out of school,20210523
174,30,No,Travel_Rarely,288,Research & Development,2,Bachelor,Life Sciences,1,3,Male,99,2,2,Healthcare Representative,4,Married,4152,15830,1,No,19,3,1,80,3,11,3,3,11,10,10,8,The People The reason Google is such a great place to work at is because of the people There are very few places in the professional world where youll work with people who are all bright educated and passionate,20210411
175,40,No,Travel_Frequently,530,Research & Development,1,Master,Life Sciences,1,3,Male,78,2,4,Healthcare Representative,2,Married,13503,14115,1,No,22,4,4,80,1,22,3,2,22,3,11,11,Google offers a great environment where you are constantly challenged and pushed do to more with less The people are brilliant and you cant beat the social environment and the perks The culture is very open and transparent at all levels within the organization which is a lesson that other companies should learn from The transparency truly creates an environment where everyone can share and learn,20210320
176,51,No,Travel_Rarely,632,Sales,21,Master,Marketing,1,3,Male,71,3,2,Sales Executive,4,Single,5441,8423,0,Yes,22,4,4,80,0,11,2,1,10,7,1,0,Smart people interesting projects I have never worked at a place where such open discussions are encouraged Negative and positive feedback are equally welcomed,20210514
177,30,No,Travel_Rarely,1334,Sales,4,College,Medical,1,3,Female,63,2,2,Sales Executive,2,Divorced,5209,19760,1,Yes,12,3,2,80,3,11,4,2,11,8,2,7,Smart coworkers Great food Interesting highimpact projects Many learning opportunities High pay Good benefits 30 inch monitor Seemingly unlimited computing resources,20210403
178,46,No,Travel_Frequently,638,Research & Development,1,Bachelor,Medical,1,3,Male,40,2,3,Healthcare Representative,1,Married,10673,3142,2,Yes,13,3,3,80,1,21,5,2,10,9,9,5,I was amongst some of the most hard driven and motivated coworkers while at Google I had very little to complain about being surrounded by some of the brightest and most interesting people I have ever met The team and the atmosphere made for a great work environment the perks helped but it was more knowing you were all part of a team and accomplishing great things ,20210315
179,32,No,Travel_Rarely,1093,Sales,6,Master,Medical,1,2,Male,87,3,2,Sales Executive,3,Single,5010,24301,1,No,16,3,1,80,0,12,0,3,11,8,5,7,Google has a tremendous brand equity incredibly brilliant colleagues and it has a culture that truly fosters innovation The work environment is generally fun and challenging environment,20210503
180,54,No,Travel_Rarely,1217,Research & Development,2,Master,Technical Degree,1,1,Female,60,3,3,Research Director,3,Married,13549,24001,9,No,12,3,1,80,1,16,5,1,4,3,0,3,Google is a great place for a computer scientist There are large problems that need to be solved at enormous scale Engineers are treated with huge amounts of respect and are listened to in regard to improving productivity and removing redtape Google has great benefits like free food Ive forgotten how to make my own lunch,20210304
181,24,No,Travel_Rarely,1353,Sales,3,College,Other,1,1,Female,33,3,2,Sales Executive,3,Married,4999,17519,0,No,21,4,1,80,1,4,2,2,3,2,0,2,Great Coworkers My experience has been overwhelmingly positive in this area My coworkers are smart motivated and trustworthy I can count on them for design and execution  Great products Loving the product you work on is great motivation for getting up in the morning  Engineeroriented Product managers for the most part do not call the shots ,20210509
182,28,No,Non-Travel,120,Sales,4,Bachelor,Medical,1,2,Male,43,3,2,Sales Executive,3,Married,4221,8863,1,No,15,3,2,80,0,5,3,4,5,4,0,4,1 awesome technologiy 2 Wonderful coworkers 3 Very open and encouraging work environment 4 Last but certainly not least the great food,20210317
183,58,No,Travel_Rarely,682,Sales,10,Master,Medical,1,4,Male,37,3,4,Sales Executive,3,Single,13872,24409,0,No,13,3,3,80,0,38,1,2,37,10,1,8,There are many things said about working for Google so it makes no sense to reiterate them but yes the perks are great and the compensation is competitive and there are very few places that are that much fun to work at  What makes working for Google special is the projects youre working on instead of reimplementing old concepts you can spend your time on working on new concepts,20210429
184,44,No,Non-Travel,489,Research & Development,23,Bachelor,Medical,1,2,Male,67,3,2,Laboratory Technician,2,Married,2042,25043,4,No,12,3,3,80,1,17,3,4,3,2,1,2,My 2 main criteria for working at a company are 1 that there are smart people to work with and 2 that there are interesting things to work on Google excels at both of these traits and Ive been completely satisfied all of the years Ive worked there The free food and abundance of other benefits arent so bad either,20210410
185,32,No,Travel_Rarely,827,Research & Development,1,Others,Life Sciences,1,4,Male,71,3,1,Research Scientist,1,Single,2956,15178,1,No,13,3,4,80,0,1,2,3,1,0,0,0,Great work environment Willing to take risks Failure is not a problem just dont fail over and over in the same way,20210417
186,34,No,Travel_Rarely,665,Research & Development,6,Master,Other,1,1,Female,41,3,2,Research Scientist,3,Single,4809,12482,1,No,14,3,3,80,0,16,3,3,16,13,2,10,Great engineerdriven company Groups are all very autonomous so individual engineers have a lot of control over direction of the group and responsibility for the success of the team The company assumes youre going to be thinking about more than getting to your current milestone and expects you to think big and aim for large goals,20210522
187,37,No,Non-Travel,1040,Research & Development,2,College,Life Sciences,1,3,Male,100,2,2,Healthcare Representative,4,Divorced,5163,15850,5,No,14,3,4,80,1,17,2,4,1,0,0,0,Best food ever as well as a very helpful group of people to work with They definitely care about how you feel at all times,20210305
188,59,No,Non-Travel,1420,Human Resources,2,Master,Human Resources,1,3,Female,32,2,5,Manager,4,Married,18844,21922,9,No,21,4,4,80,1,30,3,3,3,2,2,2,Decent Pay Relaxed Atmosphere good work mates good hours,20210514
189,50,No,Travel_Frequently,1115,Research & Development,1,Bachelor,Life Sciences,1,1,Female,73,3,5,Research Director,2,Married,18172,9755,3,Yes,19,3,1,80,0,28,1,2,8,3,0,7,Things move fast People are competent and are among the best in their areas of expertise There is a feeling of respect towards all the employees The benefits are great The hours are very reasonable,20210519
190,25,No,Travel_Rarely,1280,Research & Development,7,Others,Medical,1,4,Male,64,2,1,Research Scientist,4,Married,2889,26897,1,No,11,3,3,80,2,2,2,3,2,2,2,1,Youre working with top people in the world the culture is very very relaxed flex time great benefits free food,20210503
191,22,No,Travel_Rarely,534,Research & Development,15,Bachelor,Medical,1,2,Female,59,3,1,Laboratory Technician,4,Single,2871,23785,1,No,15,3,3,80,0,1,5,3,0,0,0,0,Plenty of selfdirected time and energy Great visibility into several core tech markets World class computing infrastructure,20210327
192,51,No,Travel_Frequently,1456,Research & Development,1,Master,Medical,1,1,Female,30,2,3,Healthcare Representative,1,Single,7484,25796,3,No,20,4,3,80,0,23,1,2,13,12,12,8,Energetic passionate talent pool way above average perks  benefits fair compensation for young workforce Having bragging rights about working for the best place in the US,20210530
193,54,No,Non-Travel,142,Human Resources,26,Bachelor,Human Resources,1,4,Female,30,4,4,Manager,4,Single,17328,13871,2,Yes,12,3,3,80,0,23,3,3,5,3,4,4,Having been at Google longer than 9 out of 10 employees I still feel the business poses me with fresh challenges and terrific learning opportunities virtually every day I have been able to pursue several distinct minicareers at the company with promotions and transfers available as I hit major project milestones,20210318
194,24,No,Travel_Rarely,1127,Research & Development,18,Others,Life Sciences,1,2,male,52,3,1,Laboratory Technician,3,Married,2774,13257,0,No,12,3,3,80,1,6,2,3,5,3,1,2,Delicious healthy gourmet meals  for free Intelligent hardworking coworkers who are all such interesting people with incredible talents beyond their work Great balance  you can learn and play at work and mgmt supports this Lots of career opportunities Good resume builder,20210509
195,34,No,Travel_Rarely,1031,Research & Development,6,Master,Life Sciences,1,3,Female,45,2,2,Research Scientist,2,Divorced,4505,15000,6,No,15,3,3,80,1,12,3,3,1,0,0,0,Smart  motivated colleagues challenging technical problems working on things millions and millions of people use good culture and company values,20210517
196,37,No,Travel_Rarely,1189,Sales,3,Bachelor,Life Sciences,1,3,Male,87,3,3,Sales Executive,4,Single,7428,14506,2,No,12,3,1,80,0,12,3,3,5,3,1,3,amazing opportunities to educate yourself and deal with the leading edge issues of our time,20210529
197,34,No,Travel_Rarely,1354,Research & Development,5,Bachelor,Medical,1,3,Female,45,2,3,Manager,1,Single,11631,5615,2,No,12,3,4,80,0,14,6,3,11,10,5,8,Abililty to have high impact Terrific benefits  compensation Brilliant coworkers,20210426
198,36,No,Travel_Frequently,1467,Sales,11,College,Technical Degree,1,2,Female,92,3,3,Sales Executive,4,Married,9738,22952,0,No,14,3,3,80,1,10,6,3,9,7,2,8,Google is still a great place to go out and have an impact as an individual engineer and to have a chance to work with other awesome engineers Management regularly makes it clear how important the individual contributor is to the company and routinely solicits options and ideas from across the company,20210312
199,36,No,Travel_Rarely,922,Research & Development,3,College,Life Sciences,1,1,Female,39,3,1,Laboratory Technician,4,Divorced,2835,2561,5,No,22,4,1,80,1,7,2,3,1,0,0,0,One of the top 10 companies in America to work for according to Fortune magazine Its one of the best experiences that I have ever had,20210320
200,43,No,Travel_Frequently,394,Sales,26,College,Life Sciences,1,3,Male,92,3,4,Manager,4,Married,16959,19494,1,Yes,12,3,4,80,2,25,3,4,25,12,4,12,Coming out of college I think Google provides a huge opportunity to advance quickly but to a point Youll be given considerable responsibility and paid accordingly with some pretty terrific perks,20210315
201,30,No,Travel_Frequently,1312,Research & Development,23,Bachelor,Life Sciences,1,1,Male,96,1,1,Research Scientist,3,Divorced,2613,22310,1,No,25,4,3,80,3,10,2,2,10,7,0,9,Relaxed yet professional working set up Opportunity for learning and professional growth Excellent food Good salary and healthy competition Very helpful colleagues,20210514
202,33,No,Non-Travel,750,Sales,22,College,Marketing,1,3,Male,95,3,2,Sales Executive,2,Married,6146,15480,0,No,13,3,1,80,1,8,2,4,7,7,0,7,1 Culture  very open lots of respect for people not hierarchical 2 People  highly driven intelligent and very friendly 3 Opportunities  high growth still at the beginning of the advertising shift online 4 Nature of the work  fast paced highly innovative,20210528
203,51,No,Travel_Rarely,684,Research & Development,6,Bachelor,Life Sciences,1,1,Male,51,3,5,Research Director,3,Single,19537,6462,7,No,13,3,3,80,0,23,5,3,20,18,15,15,Still one of the best places to workamazing perks a true commitment to worklife balance incredible openness about important company information from the topdown dedicated to providing feedback and resources to help you develop professionally smartfriendlydriven individuals that you interact with every day,20210413
204,26,No,Travel_Rarely,841,Research & Development,6,Bachelor,Other,1,3,Female,46,2,1,Research Scientist,2,Married,2368,23300,1,No,19,3,3,80,0,5,3,2,5,4,4,3,Google has one of the best company environments Ive ever worked in People are friendly intelligent honest and genuinely concerned about the user experience above all else,20210304
205,22,No,Travel_Rarely,594,Research & Development,2,Others,Technical Degree,1,3,Male,-100,3,1,Laboratory Technician,4,Married,2523,19299,0,No,14,3,3,80,1,3,2,3,2,1,2,1,Number of unparalleled perks and benefits Known for its young intelligent enthusiastic workforce Many opportunities for personal growth classes and talks,20210525
206,49,No,Travel_Rarely,470,Research & Development,20,Master,Medical,1,3,Female,96,3,2,Manufacturing Director,1,Married,6567,5549,1,No,14,3,3,80,0,16,2,2,15,11,5,11,very nice engineering infrastructure you can a lot of resources to do things you can never think of in other places,20210430
207,43,No,Travel_Frequently,957,Research & Development,28,Bachelor,Medical,1,2,Female,72,4,1,Research Scientist,3,Single,4739,16090,4,No,12,3,4,80,0,18,2,3,3,2,1,2,one of a handful of companies with big ambitions on changing the world and does not restrict itself to core competencies startup environment in many teams like Android Chrome etc surrounded by very smart people who also care about doing things right and genuinely want to make the world a better place,20210329
208,50,No,Travel_Frequently,809,Sales,12,Bachelor,Marketing,1,3,Female,77,3,3,Sales Executive,4,Single,9208,6645,4,No,11,3,4,80,0,16,3,3,2,2,2,1,Three excellent gourmet meals a day free and the best food out of all the Google offices Ive been to including freshbaked cookies during ice cream hour Tremendous opportunities for professional and personal growth with several tech talks and classes every week Every aspect of the organization is cooperatively engineered peerreviewed and open to feedback and iterative improvement ,20210413
209,41,No,Travel_Rarely,802,Sales,9,Others,Life Sciences,1,3,Male,96,3,3,Sales Executive,3,Divorced,8189,21196,3,Yes,13,3,3,80,1,12,2,3,9,7,0,7,well google is a huge company that i always admired like most people do and it looks so simple when you visit the website yet it is extremely complicated once you realize how big it is and how many projectsproducts they have at the same time,20210317
210,26,No,Travel_Rarely,1355,Human Resources,25,Others,Life Sciences,1,3,Female,61,3,1,Human Resources,3,Married,2942,8916,1,No,23,4,4,80,1,8,3,3,8,7,5,7,yoy learn a lot creativity is demanded free hand is given to test your creativity wonderful work culture one of the best practises are followed,20210419
211,36,No,Travel_Rarely,216,Research & Development,6,College,Medical,1,2,Male,84,3,2,Manufacturing Director,2,Divorced,4941,2819,6,No,20,4,4,80,2,7,0,3,3,2,0,1,1 Lots of smart people around 2 Technology knowledge is abound and is easily accessible 3 Job impact on the world is tremendous 4 Neat perks,20210309
212,39,No,Travel_Rarely,1329,Sales,4,Master,Life Sciences,1,4,Female,47,2,2,Sales Executive,3,Married,5902,14590,4,No,14,3,3,80,1,17,1,4,15,11,5,9,It is a very free environment I am able to work freely and they give people here a lot of freedom at work I really am enjoying the experiences,20210527
213,25,No,Travel_Rarely,959,Sales,28,Bachelor,Life Sciences,1,1,Male,41,2,2,Sales Executive,3,Married,8639,24835,2,No,18,3,4,80,0,6,3,3,2,2,2,2,Freedom of what to work on Lots of areas Engineers are highly respected Knowledge are shared across company Great infrastructure to minimize work burden,20210407
214,30,No,Travel_Rarely,1240,Human Resources,9,Bachelor,Human Resources,1,3,Male,48,3,2,Human Resources,4,Married,6347,13982,0,Yes,19,3,4,80,0,12,2,1,11,9,4,7,A value placed upon moving fast and breaking things A true meritocracy culture As egalitarian a workforce as I have ever seen Probably the best engineering team on the planet Incredible benefits and pay,20210310
215,45,No,Travel_Rarely,1316,Research & Development,29,Bachelor,Medical,1,3,Male,83,3,1,Research Scientist,4,Single,3452,9752,5,No,13,3,2,80,0,9,2,2,6,5,0,3,Great food great people The people are smart and sharp and it was a joy to work with them everyday,20210518
216,38,No,Travel_Rarely,364,Research & Development,3,Doctor,Technical Degree,1,4,Female,32,3,2,Research Scientist,3,Single,4317,2302,3,Yes,20,4,2,80,0,19,2,3,3,2,2,2,Amazing benefits amazing people that make you grow and amazing work You really feel like what youre doing has an impact on the world,20210411
217,30,No,Travel_Rarely,438,Research & Development,18,Bachelor,Life Sciences,1,1,Female,75,3,1,Research Scientist,3,Single,2632,23910,1,No,14,3,3,80,0,5,4,2,5,4,0,4,A great place to launch your career Many talented people are still working at Google although there has been a constant exodus of top talent A nice to place to network and learn,20210405
218,32,No,Travel_Frequently,689,Sales,9,College,Medical,1,4,Male,35,1,2,Sales Executive,4,Divorced,4668,22812,0,No,17,3,4,80,3,9,2,4,8,7,0,7,Opportunity for big impact Fun people Can afford to do anything they decide to  its not a startup experience,20210509
219,30,No,Travel_Rarely,201,Research & Development,5,Bachelor,Technical Degree,1,4,female,84,3,1,Research Scientist,1,Divorced,3204,10415,5,No,14,3,4,80,1,8,3,3,3,2,2,2,Terrific people interesting and challenging problems to work on with amazing collaborators at every level high impact huge numbers of users wonderful work environment food space lack of bureaucracy awesome to be able to get help with whatever on a mailing list at practically any time of day or night,20210310
220,30,No,Travel_Rarely,1427,Research & Development,2,Others,Medical,1,2,Male,35,2,1,Laboratory Technician,4,Single,2720,11162,0,No,13,3,4,80,0,6,3,3,5,3,1,2,Great place to work Great perks and people Very team oriented People are smart see con  and friendly Not political as far as I can tell Engineering focused which makes it feel like a meritocracy Again the perks are really amazing feel like the company really values me,20210421
221,41,No,Travel_Frequently,857,Research & Development,10,Bachelor,Life Sciences,1,4,Male,91,2,4,Manager,1,Divorced,17181,12888,4,No,13,3,2,80,1,21,2,2,7,6,7,7,Its a great atmosphere in order to get a lot of interesting work done Lots of good smart friends around you,20210428
222,41,No,Travel_Rarely,933,Research & Development,9,Master,Life Sciences,1,3,Male,94,3,1,Laboratory Technician,1,Married,2238,6961,2,No,21,4,4,80,1,7,2,3,5,0,1,4,Awesome food great salary wonderful coworkers Lots of room for a selfstarter to advance Promotion can be quite rapid if you are determined and this is your goal None of the costbenefit approach to IT that you see at a lot of other companies,20210319
223,19,No,Travel_Rarely,1181,Research & Development,3,Others,Medical,1,2,Female,79,3,1,Laboratory Technician,2,Single,1483,16102,1,No,14,3,4,80,0,1,3,3,1,0,0,0,available food onsite very competitive salary good bonuses variety of projects clear communication w management smart people working there,20210505
224,40,No,Travel_Frequently,1395,Research & Development,26,Bachelor,Medical,1,2,Female,54,3,2,Research Scientist,2,Divorced,5605,8504,1,No,11,3,1,80,1,20,2,3,20,7,2,13,Great perks worklife balance little hierarchy genuinely friendly coworkers great place to network and meet future entrepreneurs diverse workplace LGBT friendly open culture smart coworkers,20210520
225,35,No,Travel_Rarely,662,Sales,1,Doctor,Marketing,1,3,Male,94,3,3,Sales Executive,2,Married,7295,11439,1,No,13,3,1,80,2,10,3,3,10,8,0,6,Very open communication from senior management all the way down to interns Vested interest in employees and personal development GoogleEDU Smartest  most creative people Ive met,20210402
226,53,No,Travel_Rarely,1436,Sales,6,College,Marketing,1,2,Male,34,3,2,Sales Representative,3,Married,2306,16047,2,Yes,20,4,4,80,1,13,3,1,7,7,4,5,The company allowed me to achieve growth and a better willingness to learn I was able to advance from working within groups,20210530
227,45,No,Travel_Rarely,194,Research & Development,9,Bachelor,Life Sciences,1,2,Male,60,3,2,Laboratory Technician,2,Divorced,2348,10901,8,No,18,3,3,80,1,20,2,1,17,9,0,15,Google Full Timers are very helpful in terms of meeting with interns to give advice Information is freely shared and the company is very transparent Great recruiting staff that are an awesome support system for interns Fun perks Sweet pay Opportunities to learn and network Surrounded by intelligent and savvy people,20210518
228,32,No,Travel_Frequently,967,Sales,8,Bachelor,Marketing,1,2,Female,43,3,3,Sales Executive,4,Single,8998,15589,1,No,14,3,4,80,0,9,2,3,9,8,3,7,Really smart people great benefits amazing level of transparency and access people especially at the top are really committed to getting it right,20210421
229,29,No,Non-Travel,1496,Research & Development,1,Others,Technical Degree,1,4,Male,41,3,2,Manufacturing Director,3,Married,4319,26283,1,No,13,3,1,80,1,10,1,3,10,7,0,9,Quality of individual hires strength of business free cash flow which funds perks and benefits less politics than other companies of a similar size,20210321
230,51,No,Travel_Rarely,1169,Research & Development,7,Master,Medical,1,2,Male,34,2,2,Manufacturing Director,3,Married,6132,13983,2,No,17,3,3,80,0,10,2,3,1,0,0,0,High concentration of smart + great people Employees empowered to change the word in the good way Full compensation package base salary + bonus + stock + perks is great and not easy to beat IMO People who criticize it must have not done the math right andor are performing poorly,20210318
231,58,No,Travel_Rarely,1145,Research & Development,9,Bachelor,Medical,1,2,Female,75,2,1,Research Scientist,2,Married,3346,11873,4,Yes,20,4,2,80,1,9,3,2,1,0,0,0,It is the best place for software engineers You can lean a lot from smart googlers Also meals are free,20210401
232,40,No,Travel_Rarely,630,Sales,4,Master,Marketing,1,3,Male,67,2,3,Sales Executive,4,Married,10855,8552,7,No,11,3,1,80,1,15,2,2,12,11,2,11,Working with smart people daily amazing gourmet free food fantastic career growth opportunities within Google If you dont like the project youre working on you can transfer to a different project even to be a different type of engineer eg frontendbackendstorage I work with people whove worked on several projects at Google,20210524
233,34,No,Travel_Frequently,303,Sales,2,Master,Marketing,1,3,Female,75,3,1,Sales Representative,3,Married,2231,11314,6,No,18,3,4,80,1,6,3,3,4,3,1,2,The best working environment I have ever seen Everyone is generally a team player everyone is very smart The leadership will make big bets to try to make things better for the user the internal transparency is rare and everyone shares information quite freely The benefits are industry leading and the relative youth of the company keeps it a remarkably fun place to work,20210507
234,22,No,Travel_Rarely,1256,Research & Development,19,Others,Medical,1,3,Male,80,3,1,Research Scientist,4,Married,2323,11992,1,No,24,4,1,80,2,2,6,3,2,2,2,2,More than any other workplace Google trusts its employees Each engineer has access to almost the entire codebase and there is very little micromanaging,20210501
235,27,No,Non-Travel,691,Research & Development,9,Bachelor,Medical,1,4,Male,57,3,1,Research Scientist,2,Divorced,2024,5970,6,No,18,3,4,80,1,6,1,1,2,2,2,2,For lack of a better way to say it Google is just a fun place to work There are a lot of different personalities and the attitude of the whole place is very relaxed The best thing however is that this doesnt detract from the drive that individual employees and the companys leadership have to create great products and really make life better for millions or billions of people,20210403
236,28,No,Travel_Rarely,440,Research & Development,21,Bachelor,Medical,1,3,Male,42,3,1,Research Scientist,4,Married,2713,6672,1,No,11,3,3,80,1,5,2,1,5,2,0,2,Google has a fantastic engineering culture and an incredible practice of software development Everyone in the company has something valuable to offer and theres a lot to learn from the people and the organization,20210329
237,57,No,Travel_Rarely,334,Research & Development,24,College,Life Sciences,1,3,Male,83,4,3,Healthcare Representative,4,Divorced,9439,23402,3,Yes,16,3,2,80,1,12,2,1,5,3,1,4,Great perks many of which are available for contract workers Wonderful communication from senior management about issues and new products Fun with lots going on,20210501
238,27,No,Non-Travel,1450,Research & Development,3,Bachelor,Medical,1,3,Male,79,2,1,Research Scientist,3,Divorced,2566,25326,1,Yes,15,3,4,80,1,1,2,2,1,1,0,1,Sure from the outside people always talk about the awesome benefits and perks of Google and the fact that you are surrounded by one of the smartest people in the world but it really boils down to one thing this company really respect its employees and gives ownership to them,20210322
239,50,No,Travel_Rarely,1452,Research & Development,11,Bachelor,Life Sciences,1,3,Female,53,3,5,Manager,2,Single,19926,17053,3,No,15,3,2,80,0,21,5,3,5,4,4,4,Incredible work environment fast pace interesting work topics interesting project employee involvement flat management structure good benefit incredible free food,20210309
240,41,No,Travel_Rarely,465,Research & Development,14,Bachelor,Life Sciences,1,1,Male,56,3,1,Research Scientist,3,Divorced,2451,4609,4,No,12,3,1,80,1,13,2,3,9,8,1,8,it was really great to work at google Really friendly coworkers as well as supervisors made for an enjoyable experience,20210311
241,30,No,Travel_Rarely,1339,Sales,5,Bachelor,Life Sciences,1,2,Female,41,3,3,Sales Executive,4,Married,9419,8053,2,No,12,3,3,80,1,12,2,3,10,9,7,4,So Many This is the best place to work if you are motivated Everyone you work with has so much talent Lazy people dont exist here,20210408
242,38,No,Travel_Rarely,702,Sales,1,Master,Life Sciences,1,1,Female,59,2,2,Sales Executive,4,Single,8686,12930,4,No,22,4,3,80,0,12,2,4,8,3,0,7,Work with the best and brightest  in over a year Ive yet to meet anyone who isnt bright and highly competent Open culture and supportive management at all levels I had some recent challenges in my family life and was told by my manager to take whatever time I needed even if it was weeks Work on projects that seriously have the chance to change the world Great perks,20210331
243,32,No,Travel_Rarely,120,Research & Development,6,Doctor,Life Sciences,1,3,Male,43,3,1,Research Scientist,3,Single,3038,12430,3,No,20,4,1,80,0,8,2,3,5,4,1,4,Fun projects Easy to have a big impact on the world,20210421
244,27,No,Travel_Rarely,1157,Research & Development,17,Bachelor,Technical Degree,1,3,Male,51,3,1,Research Scientist,2,Married,3058,13364,0,Yes,16,3,4,80,1,6,3,2,5,2,1,1,Change the world great people to work with tremendous perks and respect for employees lots of opportunity to grow,20210505
245,36,No,Travel_Frequently,1480,Research & Development,3,College,Medical,1,4,Male,30,3,1,Laboratory Technician,2,Single,2088,15062,4,No,12,3,3,80,0,13,3,2,8,7,7,2,Amazing smart fun and quirky colleagues Great brand name on your resume Open and transparent management The food of course,20210531
246,30,No,Non-Travel,111,Research & Development,9,Bachelor,Medical,1,3,Male,66,3,2,Laboratory Technician,1,Divorced,3072,11012,1,No,11,3,3,80,2,12,4,3,12,9,6,10,I would say that the quality of my coworkers is very high My managers have all at least seemed to be concerned with my personal wellbeing There is always something new to learn here,20210412
247,45,No,Travel_Rarely,1268,Sales,4,College,Life Sciences,1,3,Female,30,3,2,Sales Executive,1,Divorced,5006,6319,4,Yes,11,3,1,80,1,9,3,4,5,4,0,3,Work life balance Yes you got it You can find it at this high tech company They even have a mothers room for you to feed your little baby There was onsite washer and dryer An employee got transferred from NY to MV HQ and didnt got out for a month just living on Google campus A lot of young and bright minds to work with they will absolutely inspire you ,20210430
248,56,No,Travel_Rarely,713,Research & Development,8,Bachelor,Life Sciences,1,3,female,67,3,1,Research Scientist,1,Divorced,4257,13939,4,Yes,18,3,3,80,1,19,3,3,2,2,2,2,Smart coworkers Great office locations Great benefits Interesting projects,20210504
249,33,No,Travel_Rarely,134,Research & Development,2,Bachelor,Life Sciences,1,3,Male,90,3,1,Research Scientist,4,Single,2500,10515,0,No,14,3,1,80,0,4,2,4,3,1,0,2,Smart driven colleagues People are motivated to do good for the user and for society Treats employees well Lots of opportunities to try new things,20210509
250,46,No,Travel_Rarely,526,Sales,1,College,Marketing,1,2,Female,92,3,3,Sales Executive,1,Divorced,10453,2137,1,No,25,4,3,80,3,24,2,3,24,13,15,7,Smart coworkers Unbeatable perks and benefits Good compensation Relevant work thats challenging Very numbers driven and results oriented encourages getting stuff done not siting around talking about what needs to be done,20210508
251,38,No,Travel_Rarely,1380,Research & Development,9,College,Life Sciences,1,3,Female,75,3,1,Laboratory Technician,4,Single,2288,6319,1,No,12,3,3,80,0,2,3,3,2,2,2,1,Stability Lots of computing resources at your disposal Mature codebase Great colleagues Outstanding remuneration,20210525
252,31,No,Travel_Rarely,140,Research & Development,12,Others,Medical,1,3,Female,95,3,1,Research Scientist,4,Married,3929,6984,8,Yes,23,4,3,80,1,7,0,3,4,2,0,2,Lots of autonomy Lots of product focus They take focus on the customer seriously Technology and engineerdriven culture where they aim to solve tough problems not a lot of gimmiky product work going on Everyone there is whipsmart and there isnt much politics,20210531
253,34,No,Travel_Rarely,629,Research & Development,27,College,Medical,1,4,Female,95,3,1,Research Scientist,2,Single,2311,5711,2,No,15,3,4,80,0,9,3,3,3,2,1,2,You can make differences to life of people around the globe Its a philanthropic company You can have sense of pride,20210306
254,50,No,Travel_Rarely,328,Research & Development,1,Bachelor,Medical,1,3,Male,86,2,1,Laboratory Technician,3,Married,3690,3425,2,No,15,3,4,80,1,5,2,2,3,2,0,2,Free breakfast lunch dinner massages weekly entertainment free drinks and snacks Game room Scooters,20210513
255,53,No,Travel_Rarely,1084,Research & Development,13,College,Medical,1,4,Female,57,4,2,Manufacturing Director,1,Divorced,4450,26250,1,No,11,3,3,80,2,5,3,3,4,2,1,3,Intelligent colleagues opportunity for great impact on life quality of Google users great benefits,20210526
256,33,No,Travel_Rarely,931,Research & Development,14,Bachelor,Medical,1,4,Female,72,3,1,Research Scientist,2,Married,2756,4673,1,No,13,3,4,80,1,8,5,3,8,7,1,6,Excellent salary  benefits  perks Super smart people Challenging projects You learn a TON working here,20210308
257,40,No,Travel_Rarely,989,Research & Development,4,Others,Medical,1,4,Female,46,3,5,Manager,3,Married,19033,6499,1,No,14,3,2,80,1,21,2,3,20,8,9,9,Exciting to work for a company who values your ideas Very smart and talented group of people,20210419
258,55,No,Travel_Rarely,692,Research & Development,14,Master,Medical,1,3,Male,61,4,5,Research Director,2,Single,18722,13339,8,No,11,3,4,80,0,36,3,3,24,15,2,15,Excellent work environment and coworkers Everyone is really open and sharing and it is a great atmosphere The company is also very open with everything that is going on,20210414
259,34,No,Travel_Frequently,1069,Research & Development,2,Others,Life Sciences,1,4,Male,45,2,2,Manufacturing Director,3,Married,9547,14074,1,No,17,3,3,80,0,10,2,2,10,9,1,9,Integrated Product Engineering and UX teams Focus is on the user and improving product Incredibly sophisticated software development practices and agility Transparency of the organization Really smart leadership team Very comprehensive benefits  perks Strong education program,20210404
260,51,No,Travel_Rarely,313,Research & Development,3,Bachelor,Medical,1,4,Female,98,3,4,Healthcare Representative,2,Single,13734,7192,3,No,18,3,3,80,0,21,6,3,7,7,1,0,Everyone in engineering is very smart and nice As a nerd I feel right at home Excellent benefits Amazing infrastructure to do your job Interesting problems,20210514
261,52,No,Travel_Rarely,699,Research & Development,1,Master,Life Sciences,1,3,Male,65,2,5,Manager,3,Married,19999,5678,0,No,14,3,1,80,1,34,5,3,33,18,11,9,Highest pay around Free meals  food transportation housing gym access car sharing  Access to the brightest minds in the industry Chance to work on real production code that will be used while you still work thereA169,20210415
262,27,No,Travel_Rarely,894,Research & Development,9,Bachelor,Medical,1,4,Female,99,3,1,Research Scientist,2,Single,2279,11781,1,No,16,3,4,80,0,7,2,2,7,7,0,3,The perks are clearly a huge win but the best part of working at google is the autonomy you are given to to real impactful work that is seen by millions of people,20210511
263,43,No,Non-Travel,1344,Research & Development,7,Bachelor,Medical,1,4,Male,37,4,1,Research Scientist,4,Divorced,2089,5228,4,No,14,3,4,80,3,7,3,4,5,4,2,2,Great crowd knowledge base infrastructure amazing benefits minimal bureaucracy transparency company genuinely cares about their employees happiness and the result is a very happy and fun place to work at,20210530
264,45,No,Non-Travel,1195,Research & Development,2,College,Medical,1,1,Male,65,2,4,Manager,4,Married,16792,20462,9,No,23,4,4,80,1,22,1,3,20,8,11,8,Amazing colleagues at the top of their game who are surprisingly unpretentious and approachable Unfathomable benefits  food gifts freedom A peek behind the curtain Openness trust and a really unique corporate culture,20210311
265,37,No,Travel_Rarely,290,Research & Development,21,Bachelor,Life Sciences,1,2,Male,65,4,1,Research Scientist,1,Married,3564,22977,1,Yes,12,3,1,80,1,8,3,2,8,7,1,7,Lots of perks and great work life balance Google really cares about their employees and their products and it shows Its great to be a part of such amazing innovation and having the opportunity to work with such great minds,20210505
266,35,No,Travel_Frequently,138,Research & Development,2,Bachelor,Medical,1,2,Female,37,3,2,Laboratory Technician,2,Single,4425,15986,5,No,11,3,4,80,0,10,5,3,6,2,1,2,Great perksbenefits Opportunities to do impactful work learn a lot and try different things out all the time Fun casual work environment Working alongside super smart people solving problems that effect billions of people worldwide,20210402
267,42,No,Non-Travel,926,Research & Development,21,College,Medical,1,3,Female,36,3,2,Manufacturing Director,3,Divorced,5265,16439,2,No,16,3,2,80,1,11,5,3,5,3,0,2,Incredibly smart dedicated people working on amazing problems Out of this world perks if that excites you Free food snacks dogfriendly massages etc you name it And the opportunity to work with the most powerful data tools in the world,20210322
268,38,No,Travel_Rarely,1261,Research & Development,2,Master,Life Sciences,1,4,Male,88,3,2,Manufacturing Director,3,Married,6553,7259,9,No,14,3,2,80,0,14,3,3,1,0,0,0,Google has a lot of smart and nice people to work with People work collaboratively The company has many great benefits It just feels like the company has hired the best people to work on all the benefits 401k fitness food etc etc as well,20210517
269,38,No,Travel_Rarely,1084,Research & Development,29,Bachelor,Technical Degree,1,4,Male,54,3,2,Manufacturing Director,4,Married,6261,4185,3,No,18,3,1,80,1,9,3,1,7,7,1,7,Google offer an amazing work environment with unbelievable perks People around you are very smart  Whatever you do in Google you are probably working on or supporting an innovative product and having a quite large impact  Things move at a very fast pace The speed is really one of a startup Organized chaos is how I should describe Google A chaos that magically works,20210301
270,27,No,Travel_Frequently,472,Research & Development,1,Others,Technical Degree,1,3,Male,60,2,2,Manufacturing Director,1,Married,4298,9679,5,No,19,3,3,80,1,6,1,3,2,2,2,0,Great worklife balance No two roles are the same theres so much flexibility in creating the role you want Senior managers are awesome really open and receptive to ideas,20210302
271,49,No,Non-Travel,1002,Research & Development,18,Master,Life Sciences,1,4,Male,92,3,2,Manufacturing Director,4,Divorced,6804,23793,1,Yes,15,3,1,80,2,7,0,3,7,7,1,7,awesome benefits great salary options everyones nice intellectual free food very casual,20210516
272,34,No,Travel_Frequently,878,Research & Development,10,Master,Medical,1,4,Male,43,3,1,Research Scientist,3,Divorced,3815,5972,1,Yes,17,3,4,80,1,5,4,4,5,3,2,0,Some of industrys best professionals work here and are open to share their knowledge and experience Best place to sharpen your skills,20210403
273,40,No,Travel_Rarely,905,Research & Development,19,College,Medical,1,3,Male,99,3,2,Laboratory Technician,4,Married,2741,16523,8,Yes,15,3,3,80,1,15,2,4,7,2,3,7,Smart driven colleagues near limitless resources ideal work environment excellent worklife balance international work opportunities opportunities for growth more intellectual than career,20210429
274,22,No,Travel_Rarely,1136,Research & Development,5,Bachelor,Life Sciences,1,4,Male,60,4,1,Research Scientist,2,Divorced,2328,12392,1,Yes,16,3,1,80,1,4,2,2,4,2,2,2,Great place to work Compensations and benefits are very generous Interesting projects to work on Easy to change groups at least in engineering Easy to relocate to a new office if you find projects related to your interest there Get to work with some really smart people,20210311
275,36,No,Travel_Frequently,635,Research & Development,18,Others,Medical,1,2,Female,73,3,1,Laboratory Technician,4,Single,2153,7703,1,No,13,3,1,80,0,8,2,3,8,1,1,7,The people the culture and the constant innovation  makes coming to work everyday a fun routine,20210520
276,40,No,Non-Travel,1151,Research & Development,9,Doctor,Life Sciences,1,4,Male,63,2,2,Healthcare Representative,4,Married,4876,14242,9,No,14,3,4,80,1,5,5,1,3,2,0,2,The company is willing to bet on risky projects Projects have a worldwide visibility Fun people fun environment Amazingly smart coworkers,20210520
277,46,No,Travel_Rarely,644,Research & Development,1,Master,Medical,1,4,Male,97,3,3,Healthcare Representative,1,Divorced,9396,12368,7,No,16,3,3,80,1,17,3,3,4,2,0,3,Paybenefits colleagues feel of changing the world not having to explain to mom who I work for free lunches dogs at work career prospects good smart people,20210512
278,300,No,Non-Travel,829,Research & Development,1,Others,Life Sciences,1,3,Male,88,2,3,Manufacturing Director,3,Single,8474,20925,1,No,22,4,3,80,0,12,2,3,11,8,5,8,it has being the best job in my life with a great team who are a great support in all areas of my life The best work experience ever,20210423
279,27,No,Travel_Frequently,1242,Sales,20,Bachelor,Life Sciences,1,4,Female,90,3,2,Sales Executive,3,Single,9981,12916,1,No,14,3,4,80,0,7,2,3,7,7,0,7,Great benefits Smart coworkers Inspiring company I left Google for two years to get an MBA and recently rejoined the company Ive had exposure to other companies and they just dont compare,20210529
280,51,No,Travel_Rarely,1469,Research & Development,8,Master,Life Sciences,1,2,Male,81,2,3,Research Director,2,Married,12490,15736,5,No,16,3,4,80,2,16,5,1,10,9,4,7,Excellent people great peers overall good managers Plentiful tools competitive pay unbeatable benefits and perks,20210322
281,41,No,Travel_Rarely,896,Sales,6,Bachelor,Life Sciences,1,4,Female,75,3,3,Manager,4,Single,13591,14674,3,Yes,18,3,3,80,0,16,3,3,1,0,0,0,Its a meritocracy of ideas I had the great fortune of proposing and executing on many rewarding projects If you have an idea and it makes business sense you will get the green light here Its amazing,20210427
282,45,No,Non-Travel,1052,Sales,6,Bachelor,Medical,1,4,Female,57,2,3,Sales Executive,4,Single,8865,16840,6,No,12,3,4,80,0,23,2,3,19,7,12,8,i like working here lots of interesting project friendly and helpful colleagues and free food,20210306
283,54,No,Travel_Rarely,1147,Sales,3,Bachelor,Marketing,1,4,Female,52,3,2,Sales Executive,1,Married,5940,17011,2,No,14,3,4,80,1,16,4,3,6,2,0,5,Free Food Young People Laid back atmosphere Dont feel like you are being micromanaged,20210406
284,36,No,Travel_Rarely,1396,Research & Development,5,College,Life Sciences,1,4,Male,62,3,2,Laboratory Technician,2,Single,5914,9945,8,No,16,3,4,80,0,16,3,4,13,11,3,7,Good location good salary and good food I like the company and the location The atmosphere is nice there The interview is competitive I do not know how many words to input,20210403
285,33,No,Travel_Rarely,147,Research & Development,4,Master,Medical,1,3,Female,47,2,1,Research Scientist,2,Married,2622,13248,6,No,21,4,4,80,0,7,3,3,3,2,1,1,Awesome work life balance Super smart people great culture They make the tools you need to success super accessible info and hardware,20210401
286,37,No,Travel_Frequently,663,Research & Development,11,Bachelor,Other,1,2,Male,47,3,3,Research Director,4,Divorced,12185,10056,1,Yes,14,3,3,80,3,10,1,3,10,8,0,7,Great people and culture You have the autonomy to follow your interests and build your own career path,20210403
287,38,No,Travel_Rarely,119,Sales,3,Bachelor,Life Sciences,1,1,Male,76,3,3,Sales Executive,3,Divorced,10609,9647,0,No,12,3,3,80,2,17,6,2,16,10,5,13,great treatment of employees amazing culure smarthardworkingdedicated employees a chance to make a big impact,20210326
288,31,No,Non-Travel,979,Research & Development,1,Master,Medical,1,3,Male,90,1,2,Manufacturing Director,3,Married,4345,4381,0,No,12,3,4,80,1,6,2,3,5,4,1,4,I doubt there is a company that treats any of their employees as well as Google does As an employee you really feel like the company shares wealth among all their employees The work you do here is high impact and theyre very open to letting you figure out new ways to do things,20210321
289,59,No,Travel_Rarely,142,Research & Development,3,Bachelor,Life Sciences,1,3,Male,70,2,1,Research Scientist,4,Married,2177,8456,3,No,17,3,1,80,1,7,6,3,1,0,0,0,Well you dont have to work at Software Engineer III you could work as Sr Software Engineer and get even more interesting projects and influence on how they go,20210331
290,37,No,Travel_Frequently,319,Sales,4,Master,Marketing,1,1,Male,41,3,1,Sales Representative,4,Divorced,2793,2539,4,No,17,3,3,80,1,13,2,3,9,8,5,8,great salary and benefits health insurance for all and the ammenities around the company are suburb great work life balance,20210421
291,29,No,Travel_Frequently,1413,Sales,1,Others,Medical,1,2,Female,42,3,3,Sales Executive,4,Married,7918,6599,1,No,14,3,4,80,1,11,5,3,11,10,4,1,Working on products that have a global impact Changing the world Intelligent and diverse coworkers Amazing internal resources Exciting office spaces They really care about you as a person and want you to succeed both inside and outside the office,20210501
292,35,No,Travel_Frequently,944,Sales,1,Bachelor,Marketing,1,3,Female,92,3,3,Sales Executive,3,Single,8789,9096,1,No,14,3,1,80,0,10,3,4,10,7,0,8,Zero politics awesome products open and supportive culture Getting to play with the internal infrastructure is amazing Many things still happen at a grassroots level so you can really help shape the company and its products Employees are encouraged to openly question and debate if the company is doing the right thing In my group management is almost non existent which I think is a good thing ,20210518
293,52,No,Travel_Rarely,1323,Research & Development,2,Bachelor,Life Sciences,1,3,Female,89,2,1,Laboratory Technician,4,Single,3212,3300,7,No,15,3,2,80,0,6,3,2,2,2,2,2,It is the best for programmer you can learn a lot from other excellent people So strongly recommend google it is worth for working and paying,20210325
294,42,No,Travel_Rarely,532,Research & Development,4,College,Technical Degree,1,3,Male,58,3,5,Manager,4,Married,19232,4933,1,No,11,3,4,80,0,22,3,3,22,17,11,15,Working at Google is simply awesome The cultural values are great and I can fully identify myself with the companies visions The people here are all really smart and always try to push the envelope of whats possible,20210511
295,59,No,Travel_Rarely,818,Human Resources,6,College,Medical,1,2,Male,52,3,1,Human Resources,3,Married,2267,25657,8,No,17,3,4,80,0,7,2,2,2,2,2,2,Great perks something new always happening easy internal mobility smart coworkers great benefits tuition reimbursement,20210320
296,50,No,Travel_Rarely,854,Sales,1,Master,Medical,1,4,Female,68,3,5,Manager,4,Divorced,19517,24118,3,No,11,3,3,80,1,32,3,2,7,0,0,6,Flexibility free breakfast lunch and dinner Fun environment Great working culture Smart coworkers Good room for advancement,20210310
297,43,No,Travel_Rarely,1034,Sales,16,Bachelor,Marketing,1,4,Female,80,3,4,Manager,4,Married,16064,7744,5,Yes,22,4,3,80,1,22,3,3,17,13,1,9,The only place Ive ever worked where Ive been criticized for not thinking big enough Really smart people A great place to incubate ideas You are constantly pushed I worked and launched a wide variety of products Google is also big enough that its difficult to get bored  there are always interesting projects to get involved with,20210305
298,52,No,Non-Travel,771,Sales,2,Master,Life Sciences,1,1,Male,79,2,5,Manager,3,Single,19068,21030,1,Yes,18,3,4,80,0,33,2,4,33,7,15,12,In order of importance  1 A strong culture of creativity innovation and avoiding unnecessary hierarchy red tape and inertia  2 Intellectually stimulating work Even projects that sound boring at first become interesting when dealing with the challenges of doing them at Google scale  3 Great perks,20210323
299,32,No,Travel_Rarely,1401,Sales,4,College,Life Sciences,1,3,Female,56,3,1,Sales Representative,2,Married,3931,20990,2,No,11,3,1,80,1,6,5,3,4,3,1,2,Name recognition excellent benefits develop tech skills internal mobility additional responsibility feeling of importance and challenge,20210413
300,39,No,Travel_Rarely,1431,Research & Development,1,Master,Medical,1,3,Female,96,3,1,Laboratory Technician,3,Divorced,2232,15417,7,No,14,3,3,80,3,7,1,3,3,2,1,2,Smart hardworking wellrounded people Interesting challenging projects Good compensation  benefits Get to do work that really maters,20210322
